ACTUAL_AREA,ACTUAL_WORTH,AREA_EN,INSTANCE_DATE,PROCEDURE_AREA,PROCEDURE_NUMBER,PROCEDURE_YEAR,PROPERTY_TOTAL_VALUE,PROPERTY_TYPE_EN,PROP_SUB_TYPE_EN,ROW_STATUS_CODE
3716.12,39999,Al Khabeesi,2026-03-30T11:02:56,3716.12,1669,2026,39999,Land,Commercial,ENTERED
37.17,518480.32,Jabal Ali First,2026-03-13T05:15:49,37.17,1480,2026,518480,Unit,Flat,COMPLETED
89.92,682395.72,Nadd Hessa,2026-03-04T11:25:38,89.92,1373,2026,682396,Unit,Flat,COMPLETED
35.97,800000,Wadi Al Safa 3,2026-03-04T14:06:00,35.97,1382,2026,800000,Unit,Flat,COMPLETED
68.64,841500.72,Al Barshaa South Third,2026-03-18T19:02:49,68.64,1559,2026,841501,Unit,Flat,COMPLETED
84.73,854675.73,Nadd Hessa,2026-03-31T10:33:21,84.73,1695,2026,854676,Unit,Flat,COMPLETED
101.01,882528.92,Al Hebiah Fourth,2026-03-16T10:28:31,101.01,1508,2026,882529,Unit,Flat,COMPLETED
72.05,887455.98,Al Barsha South Fourth,2026-03-26T01:25:36,72.05,1633,2026,887456,Unit,Flat,COMPLETED
41.42,962216.11,Marsa Dubai,2026-03-13T11:20:38,41.42,1486,2026,962216,Unit,Flat,COMPLETED
183.95,1000000,Al Muteena,2026-03-25T10:41:45,183.95,1623,2026,1000000,Land,Commercial,COMPLETED
186.01,1001097,Hor Al Anz,2026-03-17T11:15:45,186.01,1533,2026,1001097,Land,Residential,COMPLETED
129.14,1018258.33,Me'Aisem First,2026-03-13T09:22:48,129.14,1481,2026,1018258,Unit,Flat,COMPLETED
112.48,1033109.14,Al Hebiah Fourth,2026-03-13T09:31:35,112.48,1483,2026,1033109,Unit,Flat,COMPLETED
37.9,1035915.59,Business Bay,2026-03-19T10:46:41,37.9,1560,2026,1035916,Unit,Flat,COMPLETED
55.45,1074355.39,Al Merkadh,2026-03-09T09:31:00,55.45,1413,2026,1074355,Unit,Flat,COMPLETED
77.04,1127682.62,Marsa Dubai,2026-03-16T09:56:39,77.04,1505,2026,1127683,Unit,Flat,COMPLETED
135.06,1128245.07,Al Hebiah Fourth,2026-03-16T10:52:13,135.06,1510,2026,1128245,Unit,Flat,COMPLETED
80.04,1135479.93,Al Thanyah Fifth,2026-03-13T09:26:13,80.04,1482,2026,1135480,Unit,Office,COMPLETED
111.05,1200000,Jabal Ali First,2026-03-05T12:07:40,111.05,1394,2026,1200000,Unit,Flat,COMPLETED
232.26,1200000,Al Waheda,2026-03-18T15:18:34,232.26,1557,2026,1200000,Land,Residential,COMPLETED
76,1206284.87,Al Barshaa South Third,2026-03-12T12:14:39,76,1473,2026,1206285,Unit,Flat,COMPLETED
64.45,1210000,Al Barsha South Fifth,2026-03-03T12:00:44,64.45,1360,2026,1210000,Unit,Flat,COMPLETED
91.31,1269858.15,Al Yelayiss 2,2026-03-13T11:50:31,91.31,1488,2026,1269858,Unit,Flat,COMPLETED
107.77,1276028,Eyal Nasser,2026-03-02T00:00:29,107.77,1330,2026,1276028,Land,Commercial,COMPLETED
72.15,1281130.65,Al Thanyah Third,2026-03-16T14:28:37,72.15,1526,2026,1281131,Unit,Flat,COMPLETED
70.14,1324366.89,Al Thanyah Third,2026-03-10T10:50:52,70.14,1438,2026,1324367,Unit,Flat,COMPLETED
232.26,1375013,Abu Hail,2026-03-31T12:23:07,232.26,1700,2026,1375013,Land,Residential,COMPLETED
232.26,1400000,Al Waheda,2026-03-16T13:53:05,232.26,1523,2026,1400000,Land,Residential,COMPLETED
77.09,1413167.68,Business Bay,2026-03-06T11:11:44,77.09,1406,2026,1413168,Unit,Flat,COMPLETED
102.7,1440631.99,Al Thanyah Fifth,2026-03-13T09:45:17,102.7,1484,2026,1440632,Unit,Office,COMPLETED
77.08,1458597.55,Business Bay,2026-03-18T11:42:27,77.08,1551,2026,1458598,Unit,Flat,COMPLETED
100.99,1557470.59,Business Bay,2026-03-02T09:59:03,100.99,1334,2026,1557471,Unit,Office,COMPLETED
76.73,1562709.2,Al Merkadh,2026-03-02T13:16:47,76.73,1348,2026,1562709,Unit,Flat,COMPLETED
77.53,1578196.53,Al Merkadh,2026-03-02T13:19:20,77.53,1349,2026,1578197,Unit,Flat,COMPLETED
65.5,1581175.61,Al Khairan First,2026-03-11T10:07:33,65.5,1454,2026,1581176,Unit,Flat,COMPLETED
268.21,1587842,Hor Al Anz,2026-03-17T11:17:01,268.21,1534,2026,1587842,Land,Commercial,COMMITTED
138.95,1587975.63,Al Thanyah Fifth,2026-03-26T15:11:20,138.95,1653,2026,1587976,Unit,Flat,COMPLETED
135.28,1595582.56,Mirdif,2026-03-24T15:43:14,135.28,1610,2026,1595583,Unit,Flat,COMPLETED
278.71,1600000,Al Waheda,2026-03-16T14:17:06,278.71,1524,2026,1600000,Land,Residential,COMPLETED
743.44,1600463,Madinat Latifa,2026-03-09T11:57:44,743.44,1418,2026,1600463,Land,,COMPLETED
745.51,1604919,Al Yelayiss 5,2026-03-02T11:31:30,745.51,1342,2026,1604919,Land,,COMPLETED
178.51,1605498.28,Al Hebiah Fourth,2026-03-10T10:42:02,178.51,1436,2026,1605498,Unit,Flat,COMPLETED
86.3,1624719.71,Marsa Dubai,2026-03-10T10:42:33,86.3,1437,2026,1624720,Unit,Flat,COMPLETED
85.19,1700000,World Islands,2026-03-26T11:32:38,85.19,1641,2026,1700000,Unit,Hotel Rooms,COMPLETED
174.8,1700000,Madinat Hind 4,2026-03-03T09:21:55,174.8,1351,2026,1700000,Land,Residential,COMPLETED
165.35,1735114.79,Al Barsha South Fifth,2026-03-09T20:10:26,165.35,1427,2026,1735115,Unit,Flat,COMPLETED
120.42,1748716.2,Al Barsha South Fourth,2026-03-12T16:38:19,120.42,1477,2026,1748716,Unit,Flat,COMPLETED
216,1827422.38,Al Yelayiss 1,2026-03-05T11:09:49,216,1391,2026,1827422,Building,Villa,COMPLETED
500.47,1885453,Al Layan1,2026-03-17T15:17:07,500.47,1545,2026,1885453,Land,Labor Camp,COMPLETED
76.4,1913380.09,Um Suqaim Third,2026-03-30T11:58:06,76.4,1670,2026,1913380,Unit,Flat,COMPLETED
211.35,1999681,Hor Al Anz,2026-03-03T13:13:16,211.35,1363,2026,1999681,Land,Residential,COMPLETED
594.59,2000000,Al Rashidiya,2026-03-17T13:52:57,594.59,1542,2026,2000000,Land,Residential,COMPLETED
70.41,2000000,Al Merkadh,2026-03-24T13:56:45,70.41,1608,2026,2000000,Unit,Flat,COMPLETED
211.35,2047455,Hor Al Anz,2026-03-27T10:26:04,211.35,1656,2026,2047455,Land,Residential,COMPLETED
277.68,2143419.64,Al Yelayiss 1,2026-03-25T00:52:33,277.68,1614,2026,2143420,Building,Villa,COMPLETED
278.42,2144755.49,Al Yelayiss 1,2026-03-05T11:16:13,278.42,1392,2026,2144755,Building,Villa,COMPLETED
278.42,2144755.49,Al Yelayiss 1,2026-03-05T11:05:31,278.42,1390,2026,2144755,Building,Villa,COMPLETED
109.18,2153835.54,Al Merkadh,2026-03-13T13:33:15,109.18,1489,2026,2153836,Unit,Flat,COMPLETED
107.3,2160073.84,Burj Khalifa,2026-03-16T14:55:34,107.3,1529,2026,2160074,Unit,Flat,COMPLETED
101.87,2175440.42,Business Bay,2026-03-17T13:07:23,101.87,1541,2026,2175440,Unit,Office,COMPLETED
150.4,2178615.43,Al Hebiah Third,2026-03-16T10:17:12,150.4,1507,2026,2178615,Unit,Flat,COMPLETED
145.53,2199384.62,Marsa Dubai,2026-03-09T14:54:28,145.53,1426,2026,2199385,Unit,Flat,COMPLETED
206.4,2200000,Madinat Al Mataar,2026-03-26T11:14:49,206.4,1640,2026,2200000,Unit,Flat,COMPLETED
85.93,2231125.08,Business Bay,2026-03-19T11:02:02,85.93,1561,2026,2231125,Unit,Flat,COMPLETED
100.59,2234721.39,Al Khairan First,2026-03-05T13:46:47,100.59,1398,2026,2234721,Unit,Flat,COMPLETED
260.59,2243972,Al Raffa,2026-03-02T13:16:47,260.59,1347,2026,2243972,Land,Commercial,COMPLETED
102.84,2333256.11,Burj Khalifa,2026-03-03T14:44:04,102.84,1365,2026,2333256,Unit,Flat,COMPLETED
464.52,2400000,Muhaisanah Second,2026-03-03T10:52:48,464.52,1357,2026,2400000,Land,Industrial,COMPLETED
90.16,2441462.38,Marsa Dubai,2026-03-26T08:49:37,90.16,1637,2026,2441462,Unit,Flat,COMPLETED
116.05,2462197.12,Al Merkadh,2026-03-02T11:34:58,116.05,1343,2026,2462197,Unit,Flat,COMPLETED
232.26,2500023,Al Satwa,2026-03-03T10:47:25,232.26,1356,2026,2500023,Land,Residential,COMPLETED
1026.58,2600000,Hor Al Anz East,2026-03-17T12:17:56,1026.58,1536,2026,2600000,Land,Residential,COMPLETED
929.03,2600000,Al Waheda,2026-03-10T11:37:47,929.03,1443,2026,2600000,Land,Residential,COMPLETED
189.03,2620430.13,Nad Al Shiba First,2026-03-26T10:38:21,189.03,1638,2026,2620430,Unit,Flat,COMPLETED
223.15,2642161,Al Muteena,2026-03-17T10:35:56,223.15,1531,2026,2642161,Land,Commercial / Offices / Residential,COMPLETED
160.2,2700000,Wadi Al Safa 5,2026-03-16T13:33:32,160.2,1522,2026,2700000,Building,Villa,COMPLETED
232.26,2750026,Al Satwa,2026-03-09T13:09:50,232.26,1422,2026,2750026,Land,Residential,COMPLETED
126.44,2779008.92,Marsa Dubai,2026-03-03T13:43:34,126.44,1364,2026,2779009,Unit,Flat,COMPLETED
124.63,2816096.12,Business Bay,2026-03-26T14:26:38,124.63,1650,2026,2816096,Unit,Flat,COMPLETED
292.82,2819087.5,Hadaeq Sheikh Mohammed Bin Rashid,2026-03-24T12:42:43,292.82,1603,2026,2819088,Building,Villa,COMPLETED
892.24,2881195,Al Khawaneej Second,2026-03-10T11:46:59,892.24,1444,2026,2881195,Land,,COMPLETED
1858.06,3000000,Ras Al Khor Industrial Second,2026-03-26T12:15:35,1858.06,1646,2026,3000000,Land,Industrial,COMPLETED
122.12,3143770,Zaabeel Second,2026-03-09T02:28:08,122.12,1412,2026,3143770,Unit,Flat,COMPLETED
117.44,3163001.4,Burj Khalifa,2026-03-30T19:08:47,117.44,1681,2026,3163001,Unit,Flat,COMPLETED
336.87,3263431,Al Hamriya,2026-03-31T10:36:18,336.87,1696,2026,3263431,Land,Commercial,COMPLETED
304.63,3279007,Al Baraha,2026-03-27T10:43:43,304.63,1657,2026,3279007,Land,Residential,COMPLETED
169.05,3290959.04,Business Bay,2026-03-02T09:07:18,169.05,1332,2026,3290959,Unit,Office,COMPLETED
154.5,3294397.19,Burj Khalifa,2026-03-03T10:20:58,154.5,1354,2026,3294397,Unit,Flat,COMPLETED
211.36,3298834,Hor Al Anz,2026-03-17T12:52:29,211.36,1539,2026,3298834,Land,Residential,COMPLETED
1281.6,3400000,Al Waheda,2026-03-25T12:09:24,1281.6,1624,2026,3400000,Land,Government Housing,COMPLETED
1185.94,3446642,Nadd Hessa,2026-03-30T12:03:47,1185.94,1671,2026,3446642,Land,,COMPLETED
929.03,3499995,Al Goze First,2026-03-15T12:25:59,929.03,1501,2026,3499995,Land,Residential,COMPLETED
1393.55,3500000,Muhaisanah Third,2026-03-10T10:31:04,1393.55,1434,2026,3500000,Land,Residential,COMPLETED
259.1,3754334.16,Marsa Dubai,2026-03-04T14:09:42,259.1,1383,2026,3754334,Unit,Flat,COMPLETED
1116,3800000,Al Warqa Third,2026-03-05T14:03:55,1116,1399,2026,3800000,Land,Residential,COMMITTED
242.97,3860888.52,Marsa Dubai,2026-03-16T09:50:38,242.97,1504,2026,3860889,Unit,Flat,COMPLETED
914.4,3937004,Jabal Ali Industrial First,2026-03-12T10:52:58,914.4,1470,2026,3937004,Land,,COMPLETED
929.03,3999994,Ghadeer Al tair,2026-03-02T11:31:00,929.03,1341,2026,3999994,Land,Residential,COMPLETED
231.19,4000000,Hor Al Anz,2026-03-02T11:51:19,231.19,1344,2026,4000000,Land,Residential,COMPLETED
159.52,4296991.11,Burj Khalifa,2026-03-04T10:14:16,159.52,1368,2026,4296991,Unit,Flat,COMPLETED
160.86,4300000,Marsa Dubai,2026-03-05T12:30:43,160.86,1396,2026,4300000,Unit,Flat,COMPLETED
300,4400000,Al Yufrah 1,2026-03-10T12:17:28,300,1445,2026,4400000,Building,Villa,COMPLETED
211.35,4549901,Al Karama,2026-03-02T10:43:25,211.35,1339,2026,4549901,Land,Commercial,COMPLETED
211.82,4560019,Al Karama,2026-03-26T13:13:28,211.82,1649,2026,4560019,Land,Commercial,COMPLETED
289.09,4667604,Al Suq Al Kabeer,2026-03-18T11:43:02,289.09,1552,2026,4667604,Land,Commercial,COMPLETED
1178.1,4800000,Al Warqa Second,2026-03-17T12:54:53,1178.1,1540,2026,4800000,Land,Residential,COMPLETED
1114.84,4800000,Al Barshaa South First,2026-03-06T10:46:53,1114.84,1405,2026,4800000,Land,Residential,COMPLETED
2230,4800699,Al Qusais Industrial First,2026-03-25T14:35:27,2230,1629,2026,4800699,Land,Residential,COMPLETED
1393.55,5000000,Nad Al Hamar,2026-03-30T13:50:40,1393.55,1674,2026,5000000,Land,Residential,COMPLETED
1337.06,5037193,Mirdif,2026-03-25T15:48:41,1337.06,1630,2026,5037193,Land,Residential,COMPLETED
469.71,5055911,Mankhool,2026-03-05T10:25:03,469.71,1386,2026,5055911,Land,,COMPLETED
314.66,5122395.34,Al Hebiah First,2026-03-30T14:42:10,314.66,1679,2026,5122395,Unit,Office,COMPLETED
1380.93,5202467,Mirdif,2026-03-28T10:39:27,1380.93,1661,2026,5202467,Land,Residential,COMPLETED
638.14,5495100,Wadi Al Safa 7,2026-03-26T10:54:38,638.14,1639,2026,5495100,Land,Residential,COMPLETED
1393.55,5500000,Muhaisanah Third,2026-03-31T09:57:25,1393.55,1693,2026,5500000,Land,Residential,COMPLETED
224.18,5500000,Abu Hail,2026-03-31T09:50:24,224.18,1688,2026,5500000,Land,Residential,COMPLETED
369.65,5600000,Madinat Al Mataar,2026-03-10T12:24:03,369.65,1447,2026,5600000,Building,Villa,COMPLETED
900.98,5818835,Al Khawaneej First,2026-03-10T12:19:53,900.98,1446,2026,5818835,Land,Residential,COMPLETED
900.98,5818835,Al Khawaneej First,2026-03-10T12:25:01,900.98,1448,2026,5818835,Land,Residential,COMPLETED
2784.4,5994201,Al Layan1,2026-03-17T12:28:07,2784.4,1537,2026,5994201,Land,Industrial,COMPLETED
1858.06,5999992,Muhaisanah Second,2026-03-25T09:32:33,1858.06,1617,2026,5999992,Land,Industrial,COMPLETED
669,6000000,Al Bada,2026-03-10T12:34:02,669,1449,2026,6000000,Land,Residential,COMPLETED
629.55,6098772,Al Murqabat,2026-03-03T12:41:50,629.55,1362,2026,6098772,Land,Commercial,COMPLETED
1393.57,6200000,Nad Al Hamar,2026-03-24T11:08:10,1393.57,1600,2026,6200000,Land,Residential,COMPLETED
1058,6263513,Saih Shuaib 1,2026-03-04T10:34:32,1058,1098,2026,6263513,Land,,COMPLETED
1481.8,6379979,Al Khabeesi,2026-03-25T09:45:04,1481.8,1618,2026,6379979,Land,Commercial,COMPLETED
1393.55,6500000,Muhaisanah Third,2026-03-31T09:53:16,1393.55,1691,2026,6500000,Land,Residential,COMPLETED
1381.1,7000000,Al Goze First,2026-03-15T12:11:45,1381.1,1500,2026,7000000,Land,Residential,COMPLETED
1472.51,7000000,Al Hudaiba,2026-03-03T10:42:32,1472.51,1355,2026,7000000,Land,Residential,COMPLETED
668.9,7000000,Al Bada,2026-03-02T10:56:38,668.9,1340,2026,7000000,Land,Residential,COMPLETED
369.98,7286066.16,Marsa Dubai,2026-03-16T10:45:45,369.98,1509,2026,7286066,Unit,Flat,COMPLETED
600.02,7500000,Jabal Ali First,2026-03-12T10:14:11,600.02,1467,2026,7500000,Land,Commercial,COMPLETED
600.02,7500000,Jabal Ali First,2026-03-12T10:14:11,600.02,1467,2026,7500000,Land,Commercial,COMPLETED
232.26,7500000,Hor Al Anz,2026-03-31T09:52:05,232.26,1690,2026,7500000,Land,Commercial,COMPLETED
532.89,7700000,Al Thanayah Fourth,2026-03-05T10:46:18,532.89,1389,2026,7700000,Land,Commercial,COMPLETED
917.31,7899066,Al Khawaneej First,2026-03-16T11:12:51,917.31,1512,2026,7899066,Land,Residential,COMMITTED
929.03,7999989,Um Suqaim Second,2026-03-27T11:00:43,929.03,1658,2026,7999989,Land,Residential,COMPLETED
929.03,7999989,Um Suqaim Second,2026-03-27T11:17:11,929.03,1659,2026,7999989,Land,Residential,COMPLETED
1047.24,8000000,Al Merkadh,2026-03-02T00:42:34,1047.24,1331,2026,8000000,Land,Land,COMPLETED
1393.55,8000000,Al Barsha Third,2026-03-16T14:37:15,1393.55,1528,2026,8000000,Land,Residential,COMPLETED
1005.65,8000000,Dubai Investment Park First,2026-03-10T10:30:39,1005.65,1433,2026,8000000,Land,Commercial,COMPLETED
833.16,8071246,Jumeirah First,2026-03-17T09:41:25,833.16,1530,2026,8071246,Land,Residential,COMPLETED
1081.39,8729980,Jumeirah First,2026-03-23T09:40:26,1081.39,1566,2026,8729980,Land,Residential,COMPLETED
1393.55,9000000,Al Barsha Third,2026-03-11T11:46:16,1393.55,1456,2026,9000000,Land,Residential,COMPLETED
2769,9000000,Al Twar Third,2026-03-16T10:02:12,2769,1506,2026,9000000,Land,Residential,COMPLETED
1637.23,9000000,Mirdif,2026-03-23T13:13:31,1637.23,1576,2026,9000000,Land,Residential,COMPLETED
1393.55,9000020,Al Warqa First,2026-03-07T09:52:16,1393.55,1401,2026,9000020,Land,Residential Flats,COMPLETED
1395.03,9009578,Al Warqa First,2026-03-28T09:54:58,1395.03,1660,2026,9009578,Land,Residential Flats,COMPLETED
930.25,9011806,Nad Al Shiba First,2026-03-14T17:39:40,930.25,1494,2026,9011806,Land,Villa,COMPLETED
930.26,9011903,Nad Al Shiba First,2026-03-14T17:45:51,930.26,1495,2026,9011903,Land,Villa,COMPLETED
1483.38,9180999,Al Warqa First,2026-03-03T12:18:45,1483.38,1361,2026,9180999,Land,Commercial,COMPLETED
1454.32,9392493,Al Warqa First,2026-03-11T11:14:37,1454.32,1455,2026,9392493,Land,Residential,COMPLETED
1114.84,9600021,Um Al Sheif,2026-03-15T11:47:15,1114.84,1498,2026,9600021,Land,Residential,COMPLETED
2952.46,10000000,Al Mizhar First,2026-03-12T10:11:28,2952.46,1466,2026,10000000,Land,Residential,COMPLETED
466.84,10050038,Al Suq Al Kabeer,2026-03-17T14:22:06,466.84,1544,2026,10050038,Land,Commercial,COMPLETED
1337.53,10077927,Um Suqaim Second,2026-03-24T21:41:27,1337.53,1613,2026,10077927,Land,Residential,COMPLETED
1574.74,10170206,Al Warsan Second,2026-03-30T09:40:38,1574.74,1667,2026,10170206,Land,General Use,COMPLETED
1620.24,10464061,Al Mamzer,2026-03-23T10:36:32,1620.24,1569,2026,10464061,Land,Residential,COMPLETED
1694.17,10941526,Al Yelayiss 1,2026-03-11T13:15:44,1694.17,1460,2026,10941526,Land,Villa,COMPLETED
744.76,11000000,Al Thanyah Fifth,2026-03-16T12:12:15,744.76,1520,2026,11000000,Land,Commercial,COMPLETED
269.6,11000000,Naif,2026-03-02T10:34:54,269.6,1338,2026,11000000,Land,Commercial,COMPLETED
3660.38,11031990,Al Goze First,2026-03-31T08:49:32,3660.38,1684,2026,11031990,Land,,COMPLETED
876.43,11320566,Mirdif,2026-03-23T13:08:13,876.43,1575,2026,11320566,Land,Residential Flats,COMPLETED
1189,11518449,Al Raffa,2026-03-12T01:21:48,1189,1465,2026,11518449,Land,,COMPLETED
692.25,12000000,Al Safouh First,2026-03-24T13:49:04,692.25,1607,2026,12000000,Land,Commercial,COMPLETED
759.09,12000000,Al Safouh First,2026-03-24T13:41:16,759.09,1606,2026,12000000,Land,Commercial,COMPLETED
1114.84,12000000,Um Al Sheif,2026-03-15T11:32:23,1114.84,1497,2026,12000000,Land,Residential,COMPLETED
1601.64,12067925,Jumeirah First,2026-03-11T12:17:37,1601.64,1457,2026,12067925,Land,Residential,COMMITTED
7540.78,12175230,Jabal Ali Industrial First,2026-03-09T10:23:15,7540.78,1416,2026,12175230,Land,Industrial,COMPLETED
3924.31,12672264,Wadi Al Safa 3,2026-03-08T12:40:35,3924.31,1410,2026,12672264,Land,Residential,COMPLETED
1189.13,12799676,Um Suqaim Second,2026-03-04T12:57:15,1189.13,1378,2026,12799676,Land,Residential,COMPLETED
1402.74,13000000,Al Warqa First,2026-03-15T12:43:33,1402.74,1503,2026,13000000,Land,,COMPLETED
884.38,14000000,Al Safouh First,2026-03-24T13:27:57,884.38,1605,2026,14000000,Land,Commercial,COMPLETED
1474.37,14282974,Hor Al Anz,2026-03-17T13:59:06,1474.37,1543,2026,14282974,Land,Residential,COMMITTED
2275.77,14697696,Al Mamzer,2026-03-23T10:31:24,2275.77,1568,2026,14697696,Land,General Use,COMPLETED
1393.41,14998526,Al Warqa First,2026-03-31T09:46:07,1393.41,1687,2026,14998526,Land,Commercial,COMPLETED
830.35,15000000,Al Hamriya,2026-03-09T10:00:57,830.35,1415,2026,15000000,Land,Commercial,COMPLETED
371.55,15000000,Al Mararr,2026-03-25T14:20:43,371.55,1628,2026,15000000,Land,Commercial,COMPLETED
1437.71,15475367,Business Bay,2026-03-25T10:05:16,1437.71,1621,2026,15475367,Land,Multi Store Parcking,COMMITTED
2909.41,15658299,Jabal Ali First,2026-03-13T10:14:51,2909.41,1485,2026,15658299,Land,Commercial,COMPLETED
1626.02,15752085,Al Mamzer,2026-03-12T12:31:30,1626.02,1474,2026,15752085,Land,Commercial,COMMITTED
1057.42,15934748,Al Barsha First,2026-03-23T10:49:40,1057.42,1555,2026,15934748,Land,Commercial,COMPLETED
933.21,16071967,Al Muteena,2026-03-26T11:56:25,933.21,1645,2026,16071967,Land,Commercial,COMPLETED
1042.95,16839314,Al Nahda First,2026-03-12T10:42:00,1042.95,1469,2026,16839314,Land,Commercial,COMPLETED
1504.36,17812059,Al Barshaa South Third,2026-03-24T12:27:17,1504.36,1602,2026,17812059,Land,Residential,COMPLETED
899.39,18000000,Jumeirah Third,2026-03-26T08:31:14,899.39,1635,2026,18000000,Land,Residential,COMPLETED
1210.16,18236458,Al Barsha First,2026-03-10T14:21:40,1210.16,1451,2026,18236458,Land,Commercial,COMPLETED
4279.2,18424352,Al Barsha Third,2026-03-25T13:43:48,4279.2,1626,2026,18424352,Land,Residential,COMPLETED
1146.24,18507019,Al Nahda First,2026-03-10T11:17:58,1146.24,1441,2026,18507019,Land,Commercial,COMPLETED
5950.32,19214595,Madinat Hind 3,2026-03-16T11:28:03,5950.32,1516,2026,19214595,Land,Residential,COMPLETED
3593.3,19338961,Ras Al Khor Industrial Second,2026-03-11T12:25:29,3593.3,1459,2026,19338961,Land,Industrial,COMPLETED
594.58,20000000,Jumeirah Third,2026-03-09T14:07:03,594.58,1423,2026,20000000,Land,Residential,COMPLETED
2787.09,20000000,Mirdif,2026-03-09T09:59:27,2787.09,1414,2026,20000000,Land,Residential,COMPLETED
1532.9,20000000,Al Manara,2026-03-15T12:34:10,1532.9,1502,2026,20000000,Land,Residential,COMPLETED
3667.53,20000000,Dubai Investment Park First,2026-03-30T08:36:23,3667.53,1662,2026,20000000,Land,Commercial,COMPLETED
594.58,20000000,Jumeirah Third,2026-03-09T14:09:26,594.58,1424,2026,20000000,Land,Commercial,COMPLETED
1611.5,20815230,Jumeirah First,2026-03-11T22:56:17,1611.5,1462,2026,20815230,Land,Residential,COMPLETED
1296.69,20936162,Al Nahda First,2026-03-12T10:38:00,1296.69,1468,2026,20936162,Land,Commercial,COMPLETED
1950.96,21000000,Um Al Sheif,2026-03-15T11:56:39,1950.96,1499,2026,21000000,Land,Residential,COMPLETED
1327.88,21439751,Al Merkadh,2026-03-10T10:32:00,1327.88,1435,2026,21439751,Land,Residential,COMPLETED
1660.46,21447630,Wadi Al Safa 3,2026-03-10T10:23:36,1660.46,1432,2026,21447630,Land,Residential,COMPLETED
931.08,22000000,Al Thanyah Fifth,2026-03-23T09:35:51,931.08,1565,2026,22000000,Land,Commercial,COMMITTED
2937.96,22136735,Madinat Al Mataar,2026-03-25T13:50:50,2937.96,1627,2026,22136735,Land,Airport,COMPLETED
1062.16,22865968,Al Suq Al Kabeer,2026-03-10T11:04:04,1067.73,1440,2026,22865968,Land,Commercial,COMPLETED
2460.95,24000000,Um Ramool,2026-03-04T12:10:19,2460.95,1375,2026,24000000,Land,Industrial,COMPLETED
1050.78,24000000,Al Hebiah Third,2026-03-26T16:20:30,1050.78,1654,2026,24000000,Land,Residential,COMPLETED
7693.14,24842457,Madinat Hind 3,2026-03-16T11:31:02,7693.14,1517,2026,24842457,Land,Residential,COMPLETED
1935.21,25000000,Wadi Al Safa 5,2026-03-23T09:43:11,1935.21,1567,2026,25000000,Land,Commercial,COMPLETED
1550.11,25027844,Al Nahda First,2026-03-10T11:32:59,1550.11,1442,2026,25027844,Land,Commercial,COMPLETED
930.25,25032795,Al Wasl,2026-03-13T11:34:06,930.25,1487,2026,25032795,Land,Residential,COMPLETED
1040.9,25209323,Jumeirah First,2026-03-03T09:44:11,1040.9,1352,2026,25209323,Land,Land,COMPLETED
1858.06,25999964,Al Goze First,2026-03-05T10:43:13,1858.06,1388,2026,25999964,Land,Commercial,COMPLETED
994.31,26756634,Al Wasl,2026-03-13T20:40:11,994.31,1492,2026,26756634,Land,Residential,COMPLETED
1999.93,28000000,Al Warsan First,2026-03-09T13:03:31,1999.93,1420,2026,28000000,Land,Commercial,COMPLETED
13185.36,28000000,Dubai Investment Park First,2026-03-30T08:39:17,13185.36,1663,2026,28000000,Land,Commercial,COMPLETED
4045.83,28306791,Wadi Al Safa 3,2026-03-23T12:34:50,4045.83,1573,2026,28306791,Land,Residential,COMPLETED
1335.95,30000000,Jumeirah Third,2026-03-09T14:16:26,1335.95,1425,2026,30000000,Land,Residential,COMPLETED
1375,30000000,Al Manara,2026-03-10T13:33:24,1374.96,1450,2026,30000000,Land,Residential,COMPLETED
2941.96,30083615,Al Qusais Industrial Fifth,2026-03-10T09:04:34,2941.96,1430,2026,30083615,Land,Commercial,COMPLETED
3108.07,30109459,Al Hebiah Fourth,2026-03-03T11:14:38,3108.07,1358,2026,30109459,Land,Residential Flats,COMMITTED
2820,30354198,Wadi Al Safa 5,2026-03-16T12:20:10,2820,1521,2026,30354198,Land,Commercial,COMPLETED
9985.82,32245910,Madinat Hind 3,2026-03-16T11:26:07,9985.82,1515,2026,32245910,Land,Residential,COMPLETED
4132.87,33364350,Me'Aisem First,2026-03-18T11:27:13,4132.87,1550,2026,33364350,Land,Residential Flats,COMMITTED
5673.87,33590133,Al Goze First,2026-03-31T09:54:11,5673.87,1692,2026,33590133,Land,School,COMPLETED
5009.5,33970707,Me'Aisem First,2026-03-10T08:29:09,5009.5,1429,2026,33970707,Land,Commercial,COMPLETED
2127.48,34349973,Um Suqaim Second,2026-03-05T14:06:15,2127.48,1400,2026,34349973,Land,Residential,COMPLETED
2687.99,34719907,Al Hebiah Second,2026-03-24T07:56:30,2687.99,1592,2026,34719907,Land,Villa,COMPLETED
2688,34720036,Al Hebiah Second,2026-03-24T07:54:18,2688,1591,2026,34720036,Land,Villa,COMPLETED
2688,34720036,Al Hebiah Second,2026-03-24T07:27:48,2688,1580,2026,34720036,Land,Villa,COMPLETED
2688,34720036,Al Hebiah Second,2026-03-24T07:34:42,2688,1582,2026,34720036,Land,Villa,COMPLETED
11452.54,36982199,Madinat Hind 3,2026-03-16T11:21:46,11452.54,1513,2026,36982199,Land,Residential,COMPLETED
3124.21,36991552,Al Hebiah Second,2026-03-24T10:58:47,3124.21,1599,2026,36991552,Land,Land,COMPLETED
2881.12,37214505,Al Hebiah Second,2026-03-24T07:49:36,2881.12,1589,2026,37214505,Land,Villa,COMPLETED
2881.99,37225743,Al Hebiah Second,2026-03-24T07:51:54,2881.99,1590,2026,37225743,Land,Villa,COMPLETED
994.28,37458157,Al Wasl,2026-03-05T15:50:13,994.28,1403,2026,37458157,Land,Residential,COMPLETED
3032.04,39163890,Al Hebiah Second,2026-03-24T08:22:32,3032.04,1594,2026,39163890,Land,Land,COMPLETED
3055.08,39461491,Al Hebiah Second,2026-03-24T08:42:54,3055.08,1595,2026,39461491,Land,Land,COMPLETED
7362.66,39625468,Al Goze Industrial Second,2026-03-09T11:24:34,7362.66,1417,2026,39625468,Land,Industrial,COMPLETED
3078.12,39759091,Al Hebiah Second,2026-03-24T08:59:50,3078.12,1596,2026,39759091,Land,Villa,COMPLETED
5159.65,40000000,Al Bada,2026-03-06T13:24:12,5159.65,1407,2026,40000000,Land,Commercial,COMPLETED
1858.05,40000000,Al Warqa First,2026-03-25T10:02:08,1858.05,1620,2026,40000000,Land,Residential Flats,COMPLETED
3101.16,40056691,Al Hebiah Second,2026-03-24T10:55:31,3101.16,1598,2026,40056691,Land,Land,COMPLETED
3001.69,40387364,Nad Al Hamar,2026-03-30T13:41:24,3001.69,1673,2026,40387364,Land,Commercial,COMMITTED
2099.98,40687154,Al Jadaf,2026-03-30T14:06:47,2099.98,1677,2026,40687154,Land,Commercial,COMPLETED
2628.69,42442434,Mankhool,2026-03-23T16:47:20,2628.69,1579,2026,42442434,Land,,COMMITTED
3292.39,42526748,Nad Al Shiba First,2026-03-23T11:56:29,3292.39,1571,2026,42526748,Land,Commercial,COMPLETED
2893.74,46721892,Um Suqaim First,2026-03-24T11:11:43,2893.74,1601,2026,46721892,Land,Residential,COMPLETED
1393.55,50000000,Al Nahda Second,2026-03-30T10:02:41,1393.55,1668,2026,50000000,Land,Commercial,COMPLETED
5908.63,55000000,Um Suqaim First,2026-03-12T15:28:31,5908.63,1476,2026,55000000,Land,Residential,COMPLETED
2594.77,56557936,Bukadra,2026-03-26T12:58:17,2594.77,1648,2026,56557936,Land,Sports Club,COMPLETED
53048.01,57100347,Saih Shuaib 1,2026-03-04T11:32:54,53048.01,1374,2026,57100347,Land,Land,COMPLETED
3651.09,58949951,Al Barsha First,2026-03-11T14:58:51,3651.09,1461,2026,58949951,Land,Exhbition Center,COMPLETED
2687.99,59313174,Al Hebiah Second,2026-03-24T07:37:40,2687.99,1584,2026,59313174,Land,Villa,COMPLETED
2687.99,59313174,Al Hebiah Second,2026-03-24T07:46:54,2687.99,1587,2026,59313174,Land,Villa,COMPLETED
2688,59313395,Al Hebiah Second,2026-03-24T07:44:18,2688,1586,2026,59313395,Land,Villa,COMPLETED
2688,59313395,Al Hebiah Second,2026-03-24T07:41:19,2688,1585,2026,59313395,Land,Villa,COMPLETED
5573.64,59994104,Al Barshaa South Third,2026-03-25T10:19:21,5573.64,1622,2026,59994104,Land,Residential,COMMITTED
1858.06,59999916,Al Goze First,2026-03-11T12:17:39,1858.06,1458,2026,59999916,Land,Commercial,COMPLETED
4645.15,59999916,Al Raffa,2026-03-25T09:58:59,4645.15,1619,2026,59999916,Land,Commercial,COMPLETED
18621.19,60130988,Al Rowaiyah First,2026-03-06T08:21:15,18621.19,1404,2026,60130988,Land,Residential,COMPLETED
28823.3,62050224,Al Khairan First,2026-03-12T11:29:32,28823.3,1472,2026,62050224,Land,Residential,COMPLETED
4897.1,63254274,Al Hebiah Second,2026-03-24T08:04:29,4897.1,1593,2026,63254274,Land,Land,COMPLETED
2881.13,63575000,Al Hebiah Second,2026-03-24T07:49:34,2881.13,1588,2026,63575000,Land,Villa,COMPLETED
2881.99,63593977,Al Hebiah Second,2026-03-24T07:34:54,2881.99,1583,2026,63593977,Land,Villa,COMPLETED
4266.94,64300482,Jabal Ali First,2026-03-31T19:24:09,4266.94,1703,2026,64300482,Land,Commercial,COMPLETED
24216.57,65166184,Al Goze Industrial First,2026-03-04T10:36:30,24216.57,1369,2026,65166184,Land,Industrial,COMPLETED
4287.39,69223556,Nad Al Shiba First,2026-03-04T12:58:06,4287.39,1379,2026,69223556,Land,Commercial,COMMITTED
4614.77,74509384,Al Merkadh,2026-03-16T11:01:46,4614.77,1511,2026,74509384,Land,,COMPLETED
4429.28,78665928,Al Satwa,2026-03-02T12:32:22,4429.28,1345,2026,78665928,Land,Commercial,COMPLETED
4702.77,82257873,Al Satwa,2026-03-02T12:36:48,4702.77,1346,2026,82257873,Land,Commercial,COMPLETED
8994.05,82289397,Marsa Dubai,2026-03-31T10:29:16,8994.05,1694,2026,82289397,Land,Commercial,COMPLETED
3169.82,85000000,Al Thanyah First,2026-03-18T12:41:03,3169.82,1554,2026,85000000,Land,Commercial,COMPLETED
32498.62,87452974,Saih Shuaib 1,2026-03-04T10:49:50,32498.62,1370,2026,87452974,Land,,COMPLETED
33418.03,89927083,Saih Shuaib 2,2026-03-26T12:31:32,33418.03,1647,2026,89927083,Land,Industrial,COMPLETED
5440.03,90000000,Ras Al Khor Industrial First,2026-03-05T10:11:00,5440.03,1385,2026,90000000,Land,Warehouse,COMPLETED
4798.81,92977040,Wadi Al Safa 5,2026-03-25T12:47:53,4798.81,1625,2026,92977040,Land,Commercial,COMPLETED
26154.62,98534000,Al Goze Fourth,2026-03-31T07:38:36,26154.62,1683,2026,98534000,Land,,COMPLETED
4617.65,104378238,Wadi Al Safa 2,2026-03-23T12:42:52,4617.65,1574,2026,104378238,Land,Residential,COMPLETED
131636.58,106269224,Al Warsan Third,2026-03-27T10:01:49,131636.58,1655,2026,106269224,Land,,COMMITTED
5574.23,110000000,Al Warqa First,2026-03-02T10:04:35,5574.23,1335,2026,110000000,Land,,COMPLETED
15805.97,110587022,Jumeirah First,2026-03-31T10:53:16,15805.97,1698,2026,110587022,Land,Residential,COMPLETED
4839.3,114597431,Al Merkadh,2026-03-13T14:12:17,4839.3,1490,2026,114597431,Land,Residential,COMPLETED
929.03,119999832,Trade Center Second,2026-03-26T15:07:40,929.03,1652,2026,119999832,Land,Commercial,COMMITTED
5032.79,130013876,Jumeirah Second,2026-03-04T11:13:07,5032.79,1372,2026,130013876,Land,,COMPLETED
52158,140355874,Al Qusais Industrial First,2026-03-04T12:10:52,52158,1376,2026,140355874,Land,,COMPLETED
34284.39,156839342,Al Hebiah Second,2026-03-24T07:30:11,34284.39,1581,2026,156839342,Land,Land,COMPLETED
91385.89,442650862,Palm Deira,2026-03-23T13:34:18,91385.89,1577,2026,442650862,Land,Commercial,COMPLETED
185806,559999217,Wadi Al Safa 4,2026-03-26T11:45:11,185806,1644,2026,559999217,Land,Residential,COMPLETED
86929.93,561423044,Um Hurair Second,2026-03-05T12:31:16,86929.93,1397,2026,561423044,Land,General Services,COMPLETED
6345.71,580588997,Al Wasl,2026-03-10T09:52:58,6346,1431,2026,580588997,Land,Commercial,COMPLETED
3716.12,671999060,Trade Center First,2026-03-09T13:08:22,3716.12,1421,2026,671999060,Land,Commercial,COMPLETED
3716.12,671999060,Trade Center First,2026-03-09T13:08:22,3716.12,1421,2026,671999060,Land,Commercial,COMPLETED
30983537.94,2334525928,Umm Addamin,2026-03-02T10:27:24,30983537.94,1336,2026,2334525928,Land,Agricultural,COMPLETED
